EpochTime;CurrentPlaybackTime;CurrentBufferSize;CurrentPlaybackState;Action;Bitrate
0;0;0;INITIAL_BUFFERING;Starting;0
0;0;0;INITIAL_BUFFERING;Starting;0
0;0;1;INITIAL_BUFFERING;Writing;46980
1;0;1;PLAY;InitialBuffering-Play;0
2;0;0;PLAY;StillPlaying;46980
615;0;1;PLAY;Writing;46980.0
1003;1;0;PLAY;StillPlaying;46980.0
1202;1;1;PLAY;Writing;46980.0
1808;1;2;PLAY;Writing;46980.0
2003;2;1;PLAY;StillPlaying;46980.0
2452;2;2;PLAY;Writing;46980.0
3003;3;1;PLAY;StillPlaying;46980.0
3077;3;2;PLAY;Writing;91917.0
3712;3;3;PLAY;Writing;46980.0
4003;4;2;PLAY;StillPlaying;46980.0
4337;4;3;PLAY;Writing;91917.0
4964;4;4;PLAY;Writing;135410.0
5003;5;3;PLAY;StillPlaying;91917.0
5656;5;4;PLAY;Writing;182366.0
6003;6;3;PLAY;StillPlaying;46980.0
6272;6;4;PLAY;Writing;226106.0
6847;6;5;PLAY;Writing;182366.0
7003;7;4;PLAY;StillPlaying;91917.0
7479;7;5;PLAY;Writing;226106.0
8003;8;4;PLAY;StillPlaying;135410.0
8110;8;5;PLAY;Writing;270316.0
8768;8;6;PLAY;Writing;352546.0
9003;9;5;PLAY;StillPlaying;182366.0
9359;9;6;PLAY;Writing;424520.0
10003;10;5;PLAY;StillPlaying;226106.0
10545;10;6;PLAY;Writing;537825.0
11003;11;5;PLAY;StillPlaying;182366.0
11156;11;6;PLAY;Writing;424520.0
11748;11;7;PLAY;Writing;537825.0
12003;12;6;PLAY;StillPlaying;226106.0
12316;12;7;PLAY;Writing;620705.0
13003;13;6;PLAY;StillPlaying;270316.0
13387;13;7;PLAY;Writing;808057.0
14003;14;6;PLAY;StillPlaying;352546.0
14487;14;7;PLAY;Writing;620705.0
15003;15;6;PLAY;StillPlaying;424520.0
15633;15;7;PLAY;Writing;808057.0
16003;16;6;PLAY;StillPlaying;537825.0
16203;16;7;PLAY;Writing;620705.0
17003;17;6;PLAY;StillPlaying;424520.0
17336;17;7;PLAY;Writing;537825.0
17943;17;8;PLAY;Writing;424520.0
18003;18;7;PLAY;StillPlaying;537825.0
18529;18;8;PLAY;Writing;537825.0
19003;19;7;PLAY;StillPlaying;620705.0
19672;19;8;PLAY;Writing;620705.0
20003;20;7;PLAY;StillPlaying;808057.0
20350;20;8;PLAY;Writing;537825.0
21003;21;7;PLAY;StillPlaying;620705.0
21436;21;8;PLAY;Writing;620705.0
22003;22;7;PLAY;StillPlaying;808057.0
22555;22;8;PLAY;Writing;808057.0
23003;23;7;PLAY;StillPlaying;620705.0
24003;24;6;PLAY;StillPlaying;537825.0
25003;25;5;PLAY;StillPlaying;424520.0
26003;26;4;PLAY;StillPlaying;537825.0
27003;27;3;PLAY;StillPlaying;620705.0
27204;27;4;PLAY;Writing;620705.0
27844;27;5;PLAY;Writing;270316.0
28003;28;4;PLAY;StillPlaying;537825.0
28958;28;5;PLAY;Writing;352546.0
29006;29;4;PLAY;StillPlaying;620705.0
30003;30;3;PLAY;StillPlaying;808057.0
30046;30;4;PLAY;Writing;270316.0
30606;30;5;PLAY;Writing;226106.0
31003;31;4;PLAY;StillPlaying;620705.0
31176;31;5;PLAY;Writing;182366.0
31779;31;6;PLAY;Writing;226106.0
32003;32;5;PLAY;StillPlaying;270316.0
32352;32;6;PLAY;Writing;270316.0
32990;32;7;PLAY;Writing;352546.0
33003;33;6;PLAY;StillPlaying;352546.0
33596;33;7;PLAY;Writing;424520.0
34003;34;6;PLAY;StillPlaying;270316.0
35003;35;5;PLAY;StillPlaying;226106.0
36003;36;4;PLAY;StillPlaying;182366.0
36244;36;5;PLAY;Writing;537825.0
37003;37;4;PLAY;StillPlaying;226106.0
38003;38;3;PLAY;StillPlaying;270316.0
39003;39;2;PLAY;StillPlaying;352546.0
40003;40;1;PLAY;StillPlaying;424520.0
40928;40;2;PLAY;Writing;270316.0
41003;41;1;PLAY;StillPlaying;537825.0
42003;42;0;PLAY;StillPlaying;270316.0
42500;42;1;PLAY;Writing;182366.0
43003;43;0;PLAY;StillPlaying;182366.0
43160;43;1;PLAY;Writing;135410.0
43730;43;2;PLAY;Writing;91917.0
44003;44;1;PLAY;StillPlaying;135410.0
44865;44;2;PLAY;Writing;135410.0
45003;45;1;PLAY;StillPlaying;91917.0
45433;45;2;PLAY;Writing;46980.0
46003;46;1;PLAY;StillPlaying;135410.0
46576;46;2;PLAY;Writing;91917.0
47003;47;1;PLAY;StillPlaying;46980.0
47202;47;2;PLAY;Writing;135410.0
47823;47;3;PLAY;Writing;91917.0
48003;48;2;PLAY;StillPlaying;91917.0
48423;48;3;PLAY;Writing;135410.0
48987;48;4;PLAY;Writing;91917.0
49003;49;3;PLAY;StillPlaying;135410.0
49556;49;4;PLAY;Writing;135410.0
50003;50;3;PLAY;StillPlaying;91917.0
50652;50;4;PLAY;Writing;182366.0
51003;51;3;PLAY;StillPlaying;135410.0
51224;51;4;PLAY;Writing;135410.0
51800;51;5;PLAY;Writing;182366.0
52003;52;4;PLAY;StillPlaying;91917.0
52363;52;5;PLAY;Writing;226106.0
52924;52;6;PLAY;Writing;270316.0
53003;53;5;PLAY;StillPlaying;135410.0
53528;53;6;PLAY;Writing;226106.0
54003;54;5;PLAY;StillPlaying;182366.0
54097;54;6;PLAY;Writing;270316.0
54721;54;7;PLAY;Writing;352546.0
55003;55;6;PLAY;StillPlaying;135410.0
55344;55;7;PLAY;Writing;424520.0
55985;55;8;PLAY;Writing;352546.0
56003;56;7;PLAY;StillPlaying;182366.0
56561;56;8;PLAY;Writing;424520.0
57003;57;7;PLAY;StillPlaying;226106.0
57132;57;8;PLAY;Writing;537825.0
57744;57;9;PLAY;Writing;620705.0
58003;58;8;PLAY;StillPlaying;270316.0
58353;58;9;PLAY;Writing;808057.0
59003;59;8;PLAY;StillPlaying;226106.0
59484;59;9;PLAY;Writing;1071529.0
60003;60;8;PLAY;StillPlaying;270316.0
60596;60;9;PLAY;Writing;808057.0
61003;61;8;PLAY;StillPlaying;352546.0
62003;62;7;PLAY;StillPlaying;424520.0
63003;63;6;PLAY;StillPlaying;352546.0
63736;63;7;PLAY;Writing;1071529.0
64003;64;6;PLAY;StillPlaying;424520.0
64353;64;7;PLAY;Writing;620705.0
64975;64;8;PLAY;Writing;537825.0
65003;65;7;PLAY;StillPlaying;537825.0
65626;65;8;PLAY;Writing;620705.0
66003;66;7;PLAY;StillPlaying;620705.0
66318;66;8;PLAY;Writing;424520.0
66942;66;9;PLAY;Writing;537825.0
67006;67;8;PLAY;StillPlaying;808057.0
67608;67;9;PLAY;Writing;620705.0
68003;68;8;PLAY;StillPlaying;1071529.0
69003;69;7;PLAY;StillPlaying;808057.0
69304;69;8;PLAY;Writing;808057.0
70003;70;7;PLAY;StillPlaying;1071529.0
70433;70;8;PLAY;Writing;620705.0
71003;71;7;PLAY;StillPlaying;620705.0
71624;71;8;PLAY;Writing;537825.0
72003;72;7;PLAY;StillPlaying;537825.0
72768;72;8;PLAY;Writing;620705.0
73003;73;7;PLAY;StillPlaying;620705.0
73929;73;8;PLAY;Writing;537825.0
74003;74;7;PLAY;StillPlaying;424520.0
74548;74;8;PLAY;Writing;424520.0
75003;75;7;PLAY;StillPlaying;537825.0
75218;75;8;PLAY;Writing;537825.0
75829;75;9;PLAY;Writing;620705.0
76003;76;8;PLAY;StillPlaying;620705.0
76947;76;9;PLAY;Writing;808057.0
77003;77;8;PLAY;StillPlaying;808057.0
77555;77;9;PLAY;Writing;620705.0
78003;78;8;PLAY;StillPlaying;620705.0
78147;78;9;PLAY;Writing;808057.0
79003;79;8;PLAY;StillPlaying;537825.0
79316;79;9;PLAY;Writing;1071529.0
79944;79;10;PLAY;Writing;808057.0
80003;80;9;PLAY;StillPlaying;620705.0
81003;81;8;PLAY;StillPlaying;537825.0
81028;81;9;PLAY;Writing;1071529.0
81632;81;10;PLAY;Writing;808057.0
82003;82;9;PLAY;StillPlaying;424520.0
82806;82;10;PLAY;Writing;1071529.0
83003;83;9;PLAY;StillPlaying;537825.0
83509;83;10;PLAY;Writing;808057.0
84003;84;9;PLAY;StillPlaying;620705.0
84659;84;10;PLAY;Writing;1071529.0
85003;85;9;PLAY;StillPlaying;808057.0
85855;85;10;PLAY;Writing;808057.0
86003;86;9;PLAY;StillPlaying;620705.0
86990;86;10;PLAY;Writing;1071529.0
87003;87;9;PLAY;StillPlaying;808057.0
87600;87;10;PLAY;Writing;808057.0
88003;88;9;PLAY;StillPlaying;1071529.0
88780;88;10;PLAY;Writing;1071529.0
89003;89;9;PLAY;StillPlaying;808057.0
89948;89;10;PLAY;Writing;808057.0
90003;90;9;PLAY;StillPlaying;1071529.0
91003;91;8;PLAY;StillPlaying;808057.0
91055;91;9;PLAY;Writing;1071529.0
91710;91;10;PLAY;Writing;808057.0
92003;92;9;PLAY;StillPlaying;1071529.0
92855;92;10;PLAY;Writing;1071529.0
93003;93;9;PLAY;StillPlaying;808057.0
93544;93;10;PLAY;Writing;808057.0
94003;94;9;PLAY;StillPlaying;1071529.0
94678;94;10;PLAY;Writing;1071529.0
95003;95;9;PLAY;StillPlaying;808057.0
95342;95;10;PLAY;Writing;808057.0
96003;96;9;PLAY;StillPlaying;1071529.0
96480;96;10;PLAY;Writing;1071529.0
97003;97;9;PLAY;StillPlaying;808057.0
97599;97;10;PLAY;Writing;808057.0
98003;98;9;PLAY;StillPlaying;1071529.0
98794;98;10;PLAY;Writing;1071529.0
99003;99;9;PLAY;StillPlaying;808057.0
99924;99;10;PLAY;Writing;808057.0
100003;100;9;PLAY;StillPlaying;1071529.0
101003;101;8;PLAY;StillPlaying;808057.0
101037;101;9;PLAY;Writing;1071529.0
101605;101;10;PLAY;Writing;620705.0
102003;102;9;PLAY;StillPlaying;1071529.0
102176;102;10;PLAY;Writing;808057.0
103003;103;9;PLAY;StillPlaying;808057.0
103312;103;10;PLAY;Writing;1071529.0
104003;104;9;PLAY;StillPlaying;1071529.0
104411;104;10;PLAY;Writing;808057.0
104996;104;11;PLAY;Writing;1071529.0
105003;105;10;PLAY;StillPlaying;808057.0
106003;106;9;PLAY;StillPlaying;1071529.0
106058;106;10;PLAY;Writing;808057.0
107003;107;9;PLAY;StillPlaying;808057.0
107156;107;10;PLAY;Writing;1071529.0
108003;108;9;PLAY;StillPlaying;1071529.0
108255;108;10;PLAY;Writing;808057.0
109003;109;9;PLAY;StillPlaying;808057.0
109408;109;10;PLAY;Writing;1071529.0
110003;110;9;PLAY;StillPlaying;1071529.0
110542;110;10;PLAY;Writing;808057.0
111003;111;9;PLAY;StillPlaying;620705.0
111664;111;10;PLAY;Writing;620705.0
112003;112;9;PLAY;StillPlaying;808057.0
112856;112;10;PLAY;Writing;808057.0
113003;113;9;PLAY;StillPlaying;1071529.0
113474;113;10;PLAY;Writing;620705.0
114003;114;9;PLAY;StillPlaying;808057.0
114672;114;10;PLAY;Writing;808057.0
115003;115;9;PLAY;StillPlaying;1071529.0
115296;115;10;PLAY;Writing;620705.0
115968;115;11;PLAY;Writing;808057.0
116006;116;10;PLAY;StillPlaying;808057.0
117003;117;9;PLAY;StillPlaying;1071529.0
117076;117;10;PLAY;Writing;1071529.0
118003;118;9;PLAY;StillPlaying;808057.0
118161;118;10;PLAY;Writing;808057.0
119003;119;9;PLAY;StillPlaying;1071529.0
119302;119;10;PLAY;Writing;1071529.0
119931;119;11;PLAY;Writing;808057.0
120002;120;10;PLAY;StillPlaying;808057.0
121003;121;9;PLAY;StillPlaying;620705.0
122003;122;8;PLAY;StillPlaying;808057.0
122552;122;9;PLAY;Writing;1071529.0
123003;123;8;PLAY;StillPlaying;620705.0
123159;123;9;PLAY;Writing;620705.0
124003;124;8;PLAY;StillPlaying;808057.0
124282;124;9;PLAY;Writing;808057.0
125003;125;8;PLAY;StillPlaying;620705.0
125400;125;9;PLAY;Writing;1071529.0
125992;125;10;PLAY;Writing;808057.0
126006;126;9;PLAY;StillPlaying;808057.0
127003;127;8;PLAY;StillPlaying;1071529.0
127560;127;9;PLAY;Writing;1071529.0
128003;128;8;PLAY;StillPlaying;808057.0
129003;129;7;PLAY;StillPlaying;1071529.0
130003;130;6;PLAY;StillPlaying;808057.0
131003;131;5;PLAY;StillPlaying;1071529.0
132003;132;4;PLAY;StillPlaying;620705.0
132196;132;5;PLAY;Writing;808057.0
132755;132;6;PLAY;Writing;424520.0
133003;133;5;PLAY;StillPlaying;808057.0
133871;133;6;PLAY;Writing;537825.0
134003;134;5;PLAY;StillPlaying;1071529.0
134490;134;6;PLAY;Writing;352546.0
135003;135;5;PLAY;StillPlaying;808057.0
135668;135;6;PLAY;Writing;424520.0
136003;136;5;PLAY;StillPlaying;1071529.0
136311;136;6;PLAY;Writing;270316.0
136928;136;7;PLAY;Writing;352546.0
137003;137;6;PLAY;StillPlaying;808057.0
137571;137;7;PLAY;Writing;424520.0
138003;138;6;PLAY;StillPlaying;424520.0
138166;138;7;PLAY;Writing;537825.0
138810;138;8;PLAY;Writing;620705.0
139003;139;7;PLAY;StillPlaying;537825.0
139980;139;8;PLAY;Writing;808057.0
140003;140;7;PLAY;StillPlaying;352546.0
140561;140;8;PLAY;Writing;620705.0
141003;141;7;PLAY;StillPlaying;424520.0
141201;141;8;PLAY;Writing;808057.0
142003;142;7;PLAY;StillPlaying;270316.0
142331;142;8;PLAY;Writing;1071529.0
143003;143;7;PLAY;StillPlaying;352546.0
143003;143;8;PLAY;Writing;808057.0
144003;144;7;PLAY;StillPlaying;424520.0
144075;144;8;PLAY;Writing;1071529.0
144692;144;9;PLAY;Writing;808057.0
145003;145;8;PLAY;StillPlaying;537825.0
145810;145;9;PLAY;Writing;1071529.0
146003;146;8;PLAY;StillPlaying;620705.0
146472;146;9;PLAY;Writing;808057.0
147003;147;8;PLAY;StillPlaying;808057.0
147626;147;9;PLAY;Writing;1071529.0
148003;148;8;PLAY;StillPlaying;620705.0
148774;148;9;PLAY;Writing;808057.0
149003;149;8;PLAY;StillPlaying;808057.0
149935;149;9;PLAY;Writing;1071529.0
150003;150;8;PLAY;StillPlaying;1071529.0
151003;151;7;PLAY;StillPlaying;808057.0
151034;151;8;PLAY;Writing;808057.0
151656;151;9;PLAY;Writing;620705.0
152003;152;8;PLAY;StillPlaying;1071529.0
153003;153;7;PLAY;StillPlaying;808057.0
153259;153;8;PLAY;Writing;808057.0
153896;153;9;PLAY;Writing;620705.0
154003;154;8;PLAY;StillPlaying;1071529.0
154529;154;9;PLAY;Writing;808057.0
155003;155;8;PLAY;StillPlaying;808057.0
155072;155;9;PLAY;Writing;620705.0
155718;155;10;PLAY;Writing;808057.0
156003;156;9;PLAY;StillPlaying;1071529.0
156862;156;10;PLAY;Writing;1071529.0
157003;157;9;PLAY;StillPlaying;808057.0
157477;157;10;PLAY;Writing;808057.0
158003;158;9;PLAY;StillPlaying;1071529.0
158201;158;10;PLAY;Writing;1071529.0
159003;159;9;PLAY;StillPlaying;808057.0
159411;159;10;PLAY;Writing;808057.0
160003;160;9;PLAY;StillPlaying;620705.0
160578;160;10;PLAY;Writing;1071529.0
161003;161;9;PLAY;StillPlaying;808057.0
161201;161;10;PLAY;Writing;808057.0
161811;161;11;PLAY;Writing;1071529.0
162003;162;10;PLAY;StillPlaying;620705.0
163003;163;9;PLAY;StillPlaying;808057.0
163362;163;10;PLAY;Writing;808057.0
163928;163;11;PLAY;Writing;1071529.0
164003;164;10;PLAY;StillPlaying;620705.0
165003;165;9;PLAY;StillPlaying;808057.0
165552;165;10;PLAY;Writing;1312787.0
166003;166;9;PLAY;StillPlaying;1071529.0
166676;166;10;PLAY;Writing;1071529.0
167003;167;9;PLAY;StillPlaying;808057.0
167788;167;10;PLAY;Writing;1312787.0
168003;168;9;PLAY;StillPlaying;1071529.0
168924;168;10;PLAY;Writing;1071529.0
169003;169;9;PLAY;StillPlaying;808057.0
170003;170;8;PLAY;StillPlaying;1071529.0
170040;170;9;PLAY;Writing;1312787.0
171003;171;8;PLAY;StillPlaying;808057.0
171181;171;9;PLAY;Writing;1071529.0
171788;171;10;PLAY;Writing;808057.0
172003;172;9;PLAY;StillPlaying;1071529.0
172901;172;10;PLAY;Writing;1071529.0
173003;173;9;PLAY;StillPlaying;808057.0
173471;173;10;PLAY;Writing;808057.0
174003;174;9;PLAY;StillPlaying;1071529.0
174629;174;10;PLAY;Writing;1071529.0
175003;175;9;PLAY;StillPlaying;1312787.0
175790;175;10;PLAY;Writing;808057.0
176003;176;9;PLAY;StillPlaying;1071529.0
176928;176;10;PLAY;Writing;1071529.0
177003;177;9;PLAY;StillPlaying;1312787.0
178003;178;8;PLAY;StillPlaying;1071529.0
178072;178;9;PLAY;Writing;808057.0
179003;179;8;PLAY;StillPlaying;1312787.0
179203;179;9;PLAY;Writing;1071529.0
179795;179;10;PLAY;Writing;808057.0
180003;180;9;PLAY;StillPlaying;1071529.0
180908;180;10;PLAY;Writing;1071529.0
181003;181;9;PLAY;StillPlaying;808057.0
181495;181;10;PLAY;Writing;808057.0
182003;182;9;PLAY;StillPlaying;1071529.0
182611;182;10;PLAY;Writing;1071529.0
183003;183;9;PLAY;StillPlaying;808057.0
183714;183;10;PLAY;Writing;808057.0
184003;184;9;PLAY;StillPlaying;1071529.0
184317;184;10;PLAY;Writing;1071529.0
184940;184;11;PLAY;Writing;808057.0
185003;185;10;PLAY;StillPlaying;808057.0
186003;186;9;PLAY;StillPlaying;1071529.0
186052;186;10;PLAY;Writing;1071529.0
186684;186;11;PLAY;Writing;808057.0
187003;187;10;PLAY;StillPlaying;808057.0
188003;188;9;PLAY;StillPlaying;1071529.0
188304;188;10;PLAY;Writing;1071529.0
189003;189;9;PLAY;StillPlaying;808057.0
189428;189;10;PLAY;Writing;1312787.0
190003;190;9;PLAY;StillPlaying;1071529.0
190108;190;10;PLAY;Writing;1071529.0
191003;191;9;PLAY;StillPlaying;808057.0
191231;191;10;PLAY;Writing;1312787.0
192003;192;9;PLAY;StillPlaying;1071529.0
192824;192;10;PLAY;Writing;1071529.0
193003;193;9;PLAY;StillPlaying;808057.0
193389;193;10;PLAY;Writing;808057.0
194003;194;9;PLAY;StillPlaying;1071529.0
194496;194;10;PLAY;Writing;1071529.0
195003;195;9;PLAY;StillPlaying;808057.0
195642;195;10;PLAY;Writing;808057.0
196003;196;9;PLAY;StillPlaying;1071529.0
197003;197;8;PLAY;StillPlaying;808057.0
197271;197;9;PLAY;Writing;1071529.0
197848;197;10;PLAY;Writing;620705.0
198003;198;9;PLAY;StillPlaying;1071529.0
198495;198;10;PLAY;Writing;808057.0
199003;199;9;PLAY;StillPlaying;1312787.0
199100;199;10;PLAY;Writing;620705.0
200003;200;9;PLAY;StillPlaying;1071529.0
200232;200;10;PLAY;Writing;808057.0
200907;200;11;PLAY;Writing;620705.0
201003;201;10;PLAY;StillPlaying;1312787.0
202003;202;9;PLAY;StillPlaying;1071529.0
203003;203;8;PLAY;StillPlaying;808057.0
203544;203;9;PLAY;Writing;808057.0
204003;204;8;PLAY;StillPlaying;1071529.0
204202;204;9;PLAY;Writing;620705.0
204856;204;10;PLAY;Writing;808057.0
205003;205;9;PLAY;StillPlaying;808057.0
206003;206;8;PLAY;StillPlaying;1071529.0
206003;206;9;PLAY;Writing;620705.0
207003;207;8;PLAY;StillPlaying;620705.0
207140;207;9;PLAY;Writing;808057.0
207736;207;10;PLAY;Writing;620705.0
208003;208;9;PLAY;StillPlaying;808057.0
208866;208;10;PLAY;Writing;808057.0
209003;209;9;PLAY;StillPlaying;620705.0
209480;209;10;PLAY;Writing;620705.0
210003;210;9;PLAY;StillPlaying;808057.0
210642;210;10;PLAY;Writing;808057.0
211003;211;9;PLAY;StillPlaying;620705.0
211212;211;10;PLAY;Writing;620705.0
211765;211;11;PLAY;Writing;808057.0
212003;212;10;PLAY;StillPlaying;808057.0
213003;213;9;PLAY;StillPlaying;620705.0
213837;213;10;PLAY;Writing;1071529.0
214003;214;9;PLAY;StillPlaying;808057.0
214389;214;10;PLAY;Writing;808057.0
214963;214;11;PLAY;Writing;1071529.0
215003;215;10;PLAY;StillPlaying;620705.0
215560;215;11;PLAY;Writing;808057.0
216003;216;10;PLAY;StillPlaying;808057.0
217003;217;9;PLAY;StillPlaying;620705.0
218003;218;8;PLAY;StillPlaying;808057.0
218260;218;9;PLAY;Writing;1071529.0
218925;218;10;PLAY;Writing;808057.0
219003;219;9;PLAY;StillPlaying;620705.0
220008;220;8;PLAY;StillPlaying;808057.0
220058;220;9;PLAY;Writing;1071529.0
221003;221;8;PLAY;StillPlaying;620705.0
221202;221;9;PLAY;Writing;808057.0
221827;221;10;PLAY;Writing;620705.0
222003;222;9;PLAY;StillPlaying;808057.0
222460;222;10;PLAY;Writing;808057.0
223003;223;9;PLAY;StillPlaying;1071529.0
224003;224;8;PLAY;StillPlaying;808057.0
224084;224;9;PLAY;Writing;1071529.0
224664;224;10;PLAY;Writing;620705.0
225003;225;9;PLAY;StillPlaying;1071529.0
225780;225;10;PLAY;Writing;808057.0
226003;226;9;PLAY;StillPlaying;808057.0
226392;226;10;PLAY;Writing;620705.0
227003;227;9;PLAY;StillPlaying;1071529.0
227506;227;10;PLAY;Writing;808057.0
228005;228;9;PLAY;StillPlaying;808057.0
228175;228;10;PLAY;Writing;620705.0
229003;229;9;PLAY;StillPlaying;1071529.0
229339;229;10;PLAY;Writing;808057.0
229952;229;11;PLAY;Writing;620705.0
230003;230;10;PLAY;StillPlaying;808057.0
231003;231;9;PLAY;StillPlaying;620705.0
231103;231;10;PLAY;Writing;808057.0
231756;231;11;PLAY;Writing;620705.0
232003;232;10;PLAY;StillPlaying;808057.0
233003;233;9;PLAY;StillPlaying;1071529.0
233382;233;10;PLAY;Writing;808057.0
234003;234;9;PLAY;StillPlaying;620705.0
234569;234;10;PLAY;Writing;1071529.0
235003;235;9;PLAY;StillPlaying;808057.0
235243;235;10;PLAY;Writing;808057.0
236003;236;9;PLAY;StillPlaying;620705.0
236331;236;10;PLAY;Writing;1071529.0
237003;237;9;PLAY;StillPlaying;808057.0
238003;238;8;PLAY;StillPlaying;620705.0
239003;239;7;PLAY;StillPlaying;808057.0
240003;240;6;PLAY;StillPlaying;620705.0
240036;240;7;PLAY;Writing;808057.0
241003;241;6;PLAY;StillPlaying;808057.0
242003;242;5;PLAY;StillPlaying;620705.0
243003;243;4;PLAY;StillPlaying;808057.0
244003;244;3;PLAY;StillPlaying;1071529.0
244710;244;4;PLAY;Writing;537825.0
245003;245;3;PLAY;StillPlaying;808057.0
245288;245;4;PLAY;Writing;270316.0
245859;245;5;PLAY;Writing;352546.0
246003;246;4;PLAY;StillPlaying;1071529.0
246388;246;5;PLAY;Writing;226106.0
246992;246;6;PLAY;Writing;182366.0
247003;247;5;PLAY;StillPlaying;808057.0
247576;247;6;PLAY;Writing;226106.0
248003;248;5;PLAY;StillPlaying;537825.0
248219;248;6;PLAY;Writing;270316.0
248840;248;7;PLAY;Writing;352546.0
249003;249;6;PLAY;StillPlaying;270316.0
249478;249;7;PLAY;Writing;424520.0
250003;250;6;PLAY;StillPlaying;352546.0
250115;250;7;PLAY;Writing;537825.0
250779;250;8;PLAY;Writing;620705.0
251003;251;7;PLAY;StillPlaying;226106.0
251408;251;8;PLAY;Writing;808057.0
252003;252;7;PLAY;StillPlaying;182366.0
252601;252;8;PLAY;Writing;1071529.0
253003;253;7;PLAY;StillPlaying;226106.0
253262;253;8;PLAY;Writing;808057.0
254003;254;7;PLAY;StillPlaying;270316.0
254925;254;8;PLAY;Writing;1071529.0
255003;255;7;PLAY;StillPlaying;352546.0
255518;255;8;PLAY;Writing;808057.0
256003;256;7;PLAY;StillPlaying;424520.0
256644;256;8;PLAY;Writing;1071529.0
257003;257;7;PLAY;StillPlaying;537825.0
257752;257;8;PLAY;Writing;808057.0
258003;258;7;PLAY;StillPlaying;620705.0
258356;258;8;PLAY;Writing;620705.0
259003;259;7;PLAY;StillPlaying;808057.0
259459;259;8;PLAY;Writing;808057.0
260003;260;7;PLAY;StillPlaying;1071529.0
260090;260;8;PLAY;Writing;620705.0
261003;261;7;PLAY;StillPlaying;808057.0
261201;261;8;PLAY;Writing;808057.0
261807;261;9;PLAY;Writing;620705.0
262003;262;8;PLAY;StillPlaying;1071529.0
262925;262;9;PLAY;Writing;808057.0
263003;263;8;PLAY;StillPlaying;808057.0
263551;263;9;PLAY;Writing;620705.0
264003;264;8;PLAY;StillPlaying;1071529.0
264728;264;9;PLAY;Writing;808057.0
265003;265;8;PLAY;StillPlaying;808057.0
265331;265;9;PLAY;Writing;620705.0
266003;266;8;PLAY;StillPlaying;620705.0
266458;266;9;PLAY;Writing;808057.0
267003;267;8;PLAY;StillPlaying;808057.0
267567;267;9;PLAY;Writing;620705.0
268003;268;8;PLAY;StillPlaying;620705.0
268170;268;9;PLAY;Writing;808057.0
269003;269;8;PLAY;StillPlaying;808057.0
269308;269;9;PLAY;Writing;620705.0
269952;269;10;PLAY;Writing;808057.0
270005;270;9;PLAY;StillPlaying;620705.0
271003;271;8;PLAY;StillPlaying;808057.0
271074;271;9;PLAY;Writing;620705.0
272003;272;8;PLAY;StillPlaying;620705.0
272127;272;9;PLAY;Writing;808057.0
272710;272;10;PLAY;Writing;620705.0
273003;273;9;PLAY;StillPlaying;808057.0
273289;273;10;PLAY;Writing;808057.0
274003;274;9;PLAY;StillPlaying;620705.0
274430;274;10;PLAY;Writing;1071529.0
275003;275;9;PLAY;StillPlaying;808057.0
275012;275;10;PLAY;Writing;808057.0
276003;276;9;PLAY;StillPlaying;620705.0
276136;276;10;PLAY;Writing;1071529.0
277003;277;9;PLAY;StillPlaying;808057.0
277263;277;10;PLAY;Writing;808057.0
278003;278;9;PLAY;StillPlaying;620705.0
278424;278;10;PLAY;Writing;1071529.0
279003;279;9;PLAY;StillPlaying;808057.0
279048;279;10;PLAY;Writing;808057.0
280003;280;9;PLAY;StillPlaying;620705.0
280147;280;10;PLAY;Writing;1071529.0
280801;280;11;PLAY;Writing;808057.0
281003;281;10;PLAY;StillPlaying;808057.0
282003;282;9;PLAY;StillPlaying;620705.0
282976;282;10;PLAY;Writing;1071529.0
283007;283;9;PLAY;StillPlaying;808057.0
283599;283;10;PLAY;Writing;808057.0
284003;284;9;PLAY;StillPlaying;1071529.0
284827;284;10;PLAY;Writing;1071529.0
285003;285;9;PLAY;StillPlaying;808057.0
285476;285;10;PLAY;Writing;808057.0
286003;286;9;PLAY;StillPlaying;1071529.0
286655;286;10;PLAY;Writing;1071529.0
287003;287;9;PLAY;StillPlaying;808057.0
287801;287;10;PLAY;Writing;808057.0
288003;288;9;PLAY;StillPlaying;1071529.0
288992;288;10;PLAY;Writing;1071529.0
289003;289;9;PLAY;StillPlaying;808057.0
290003;290;8;PLAY;StillPlaying;1071529.0
290102;290;9;PLAY;Writing;808057.0
290705;290;10;PLAY;Writing;1071529.0
291003;291;9;PLAY;StillPlaying;808057.0
291871;291;10;PLAY;Writing;808057.0
292003;292;9;PLAY;StillPlaying;1071529.0
292987;292;10;PLAY;Writing;620705.0
293003;293;9;PLAY;StillPlaying;808057.0
293560;293;10;PLAY;Writing;808057.0
294003;294;9;PLAY;StillPlaying;1071529.0
294199;294;10;PLAY;Writing;620705.0
295003;295;9;PLAY;StillPlaying;808057.0
295356;295;10;PLAY;Writing;808057.0
296003;296;10;PLAY;Writing;620705.0
296003;296;10;PLAY;StillPlaying;1071529.0
297003;297;9;PLAY;StillPlaying;808057.0
297144;297;10;PLAY;Writing;808057.0
298003;298;9;PLAY;StillPlaying;1071529.0
298764;298;10;PLAY;Writing;1071529.0
299003;299;9;PLAY;StillPlaying;808057.0
299338;299;10;PLAY;Writing;620705.0
299889;299;11;PLAY;Writing;808057.0
300002;300;10;PLAY;StillPlaying;1071529.0
301003;301;9;PLAY;StillPlaying;808057.0
301571;301;10;PLAY;Writing;1071529.0
302003;302;9;PLAY;StillPlaying;620705.0
302738;302;10;PLAY;Writing;808057.0
303003;303;9;PLAY;StillPlaying;808057.0
303912;303;10;PLAY;Writing;1071529.0
304003;304;9;PLAY;StillPlaying;620705.0
304575;304;10;PLAY;Writing;808057.0
305003;305;9;PLAY;StillPlaying;808057.0
305792;305;10;PLAY;Writing;1071529.0
306003;306;9;PLAY;StillPlaying;620705.0
306491;306;10;PLAY;Writing;808057.0
307003;307;9;PLAY;StillPlaying;808057.0
307624;307;10;PLAY;Writing;1071529.0
308003;308;9;PLAY;StillPlaying;1071529.0
308275;308;10;PLAY;Writing;808057.0
309003;309;9;PLAY;StillPlaying;620705.0
309424;309;10;PLAY;Writing;1071529.0
310003;310;9;PLAY;StillPlaying;808057.0
310036;310;10;PLAY;Writing;808057.0
311003;311;9;PLAY;StillPlaying;1071529.0
311200;311;10;PLAY;Writing;1071529.0
312003;312;9;PLAY;StillPlaying;808057.0
312304;312;10;PLAY;Writing;808057.0
313003;313;9;PLAY;StillPlaying;1071529.0
313411;313;10;PLAY;Writing;1071529.0
314004;314;9;PLAY;StillPlaying;808057.0
315003;315;8;PLAY;StillPlaying;1071529.0
316003;316;7;PLAY;StillPlaying;808057.0
317003;317;6;PLAY;StillPlaying;1071529.0
318003;318;5;PLAY;StillPlaying;808057.0
319003;319;4;PLAY;StillPlaying;1071529.0
320003;320;3;PLAY;StillPlaying;808057.0
321003;321;2;PLAY;StillPlaying;1071529.0
322003;322;1;PLAY;StillPlaying;808057.0
323003;323;0;PLAY;StillPlaying;1071529.0
324003;324;0;BUFFERING;Play-Buffering;0
324289;324;1;BUFFERING;Writing;808057.0
324295;324;1;PLAY;Buffering-Play;0
324296;324;0;PLAY;StillPlaying;808057.0
325297;325;0;BUFFERING;Play-Buffering;0
325307;325;1;BUFFERING;Writing;226106.0
325307;325;1;PLAY;Buffering-Play;0
325309;325;0;PLAY;StillPlaying;226106.0
325860;325;1;PLAY;Writing;182366.0
326313;326;0;PLAY;StillPlaying;182366.0
326455;326;1;PLAY;Writing;135410.0
327017;326;2;PLAY;Writing;91917.0
327313;327;1;PLAY;StillPlaying;135410.0
327615;327;2;PLAY;Writing;46980.0
328244;327;3;PLAY;Writing;91917.0
328313;328;2;PLAY;StillPlaying;91917.0
328824;328;3;PLAY;Writing;135410.0
329314;329;2;PLAY;StillPlaying;46980.0
329965;329;3;PLAY;Writing;182366.0
330313;330;2;PLAY;StillPlaying;91917.0
330599;330;3;PLAY;Writing;135410.0
331212;330;4;PLAY;Writing;182366.0
331313;331;3;PLAY;StillPlaying;135410.0
331853;331;4;PLAY;Writing;226106.0
332313;332;3;PLAY;StillPlaying;182366.0
332498;332;4;PLAY;Writing;270316.0
333132;332;5;PLAY;Writing;352546.0
333313;333;4;PLAY;StillPlaying;135410.0
333735;333;5;PLAY;Writing;424520.0
334313;334;4;PLAY;StillPlaying;182366.0
334353;334;5;PLAY;Writing;537825.0
334957;334;6;PLAY;Writing;620705.0
335313;335;5;PLAY;StillPlaying;226106.0
336108;335;6;PLAY;Writing;808057.0
336313;336;5;PLAY;StillPlaying;270316.0
336715;336;6;PLAY;Writing;620705.0
337313;337;5;PLAY;StillPlaying;352546.0
337856;337;6;PLAY;Writing;808057.0
338313;338;5;PLAY;StillPlaying;424520.0
339019;338;6;PLAY;Writing;620705.0
339313;339;5;PLAY;StillPlaying;537825.0
339620;339;6;PLAY;Writing;808057.0
340313;340;5;PLAY;StillPlaying;620705.0
340759;340;6;PLAY;Writing;620705.0
341313;341;5;PLAY;StillPlaying;808057.0
341924;341;6;PLAY;Writing;808057.0
342313;342;5;PLAY;StillPlaying;620705.0
343023;342;6;PLAY;Writing;620705.0
343313;343;5;PLAY;StillPlaying;808057.0
344131;343;6;PLAY;Writing;808057.0
344313;344;5;PLAY;StillPlaying;620705.0
345224;344;6;PLAY;Writing;620705.0
345313;345;5;PLAY;StillPlaying;808057.0
345796;345;6;PLAY;Writing;537825.0
346313;346;5;PLAY;StillPlaying;620705.0
346397;346;6;PLAY;Writing;620705.0
347313;347;5;PLAY;StillPlaying;808057.0
348002;347;6;PLAY;Writing;808057.0
348313;348;5;PLAY;StillPlaying;620705.0
348639;348;6;PLAY;Writing;620705.0
349267;348;7;PLAY;Writing;808057.0
349313;349;6;PLAY;StillPlaying;808057.0
350313;350;5;PLAY;StillPlaying;620705.0
350363;350;6;PLAY;Writing;1071529.0
351313;351;5;PLAY;StillPlaying;537825.0
351461;351;6;PLAY;Writing;808057.0
352313;352;5;PLAY;StillPlaying;620705.0
352547;352;6;PLAY;Writing;620705.0
353313;353;5;PLAY;StillPlaying;808057.0
353594;353;6;PLAY;Writing;808057.0
354166;353;7;PLAY;Writing;620705.0
354313;354;6;PLAY;StillPlaying;620705.0
355235;354;7;PLAY;Writing;808057.0
355313;355;6;PLAY;StillPlaying;808057.0
356300;355;7;PLAY;Writing;620705.0
356313;356;6;PLAY;StillPlaying;1071529.0
356862;356;7;PLAY;Writing;808057.0
357313;357;6;PLAY;StillPlaying;808057.0
357416;357;7;PLAY;Writing;620705.0
358313;358;6;PLAY;StillPlaying;620705.0
358484;358;7;PLAY;Writing;808057.0
359055;358;8;PLAY;Writing;620705.0
359313;359;7;PLAY;StillPlaying;808057.0
360113;359;8;PLAY;Writing;808057.0
360313;360;7;PLAY;StillPlaying;620705.0
361223;360;8;PLAY;Writing;1071529.0
361313;361;7;PLAY;StillPlaying;808057.0
362288;361;8;PLAY;Writing;808057.0
362313;362;7;PLAY;StillPlaying;620705.0
363313;363;6;PLAY;StillPlaying;808057.0
363358;363;7;PLAY;Writing;1071529.0
364313;364;6;PLAY;StillPlaying;620705.0
364411;364;7;PLAY;Writing;808057.0
364992;364;8;PLAY;Writing;620705.0
365313;365;7;PLAY;StillPlaying;808057.0
366160;365;8;PLAY;Writing;808057.0
366313;366;7;PLAY;StillPlaying;620705.0
366772;366;8;PLAY;Writing;620705.0
367313;367;7;PLAY;StillPlaying;808057.0
367900;367;8;PLAY;Writing;808057.0
368313;368;7;PLAY;StillPlaying;1071529.0
368516;368;8;PLAY;Writing;620705.0
369313;369;7;PLAY;StillPlaying;808057.0
369692;369;8;PLAY;Writing;808057.0
370314;370;7;PLAY;StillPlaying;1071529.0
370314;370;8;PLAY;Writing;620705.0
371313;371;7;PLAY;StillPlaying;808057.0
371467;371;8;PLAY;Writing;808057.0
372076;371;9;PLAY;Writing;620705.0
372313;372;8;PLAY;StillPlaying;620705.0
373202;372;9;PLAY;Writing;808057.0
373313;373;8;PLAY;StillPlaying;808057.0
373864;373;9;PLAY;Writing;620705.0
374313;374;8;PLAY;StillPlaying;620705.0
374968;374;9;PLAY;Writing;808057.0
375313;375;8;PLAY;StillPlaying;808057.0
375548;375;9;PLAY;Writing;620705.0
376313;376;8;PLAY;StillPlaying;620705.0
376771;376;9;PLAY;Writing;808057.0
377313;377;8;PLAY;StillPlaying;808057.0
377908;377;9;PLAY;Writing;620705.0
378313;378;8;PLAY;StillPlaying;620705.0
379044;378;9;PLAY;Writing;808057.0
379313;379;8;PLAY;StillPlaying;808057.0
379643;379;9;PLAY;Writing;537825.0
380313;380;8;PLAY;StillPlaying;620705.0
380779;380;9;PLAY;Writing;620705.0
381313;381;8;PLAY;StillPlaying;808057.0
382313;382;7;PLAY;StillPlaying;620705.0
383313;383;6;PLAY;StillPlaying;808057.0
384313;384;5;PLAY;StillPlaying;620705.0
384442;384;6;PLAY;Writing;537825.0
385313;385;5;PLAY;StillPlaying;808057.0
386313;386;4;PLAY;StillPlaying;620705.0
387313;387;3;PLAY;StillPlaying;808057.0
388108;387;4;PLAY;Writing;352546.0
388313;388;3;PLAY;StillPlaying;537825.0
388703;388;4;PLAY;Writing;226106.0
389313;389;3;PLAY;StillPlaying;620705.0
389852;389;4;PLAY;Writing;182366.0
390313;390;3;PLAY;StillPlaying;537825.0
390479;390;4;PLAY;Writing;135410.0
391062;390;5;PLAY;Writing;91917.0
391313;391;4;PLAY;StillPlaying;352546.0
391631;391;5;PLAY;Writing;135410.0
392224;391;6;PLAY;Writing;182366.0
392313;392;5;PLAY;StillPlaying;226106.0
392820;392;6;PLAY;Writing;135410.0
393313;393;5;PLAY;StillPlaying;182366.0
393471;393;6;PLAY;Writing;182366.0
394064;393;7;PLAY;Writing;226106.0
394313;394;6;PLAY;StillPlaying;135410.0
394675;394;7;PLAY;Writing;270316.0
395313;395;6;PLAY;StillPlaying;91917.0
395804;395;7;PLAY;Writing;352546.0
396313;396;6;PLAY;StillPlaying;135410.0
397313;397;5;PLAY;StillPlaying;182366.0
397419;397;6;PLAY;Writing;270316.0
398313;398;5;PLAY;StillPlaying;135410.0
398505;398;6;PLAY;Writing;226106.0
399068;398;7;PLAY;Writing;182366.0
399313;399;6;PLAY;StillPlaying;182366.0
400136;399;7;PLAY;Writing;226106.0
400313;400;6;PLAY;StillPlaying;226106.0
401313;401;5;PLAY;StillPlaying;270316.0
402313;402;4;PLAY;StillPlaying;352546.0
402746;402;5;PLAY;Writing;135410.0
403313;403;4;PLAY;StillPlaying;270316.0
404313;404;3;PLAY;StillPlaying;226106.0
405313;405;2;PLAY;StillPlaying;182366.0
406313;406;1;PLAY;StillPlaying;226106.0
407313;407;0;PLAY;StillPlaying;135410.0
408313;408;0;BUFFERING;Play-Buffering;0
417376;408;1;BUFFERING;Writing;91917.0
417377;408;1;PLAY;Buffering-Play;0
417378;408;0;PLAY;StillPlaying;91917.0
418379;409;0;BUFFERING;Play-Buffering;0
420928;409;1;BUFFERING;Writing;46980.0
420928;409;1;PLAY;Buffering-Play;0
420929;409;0;PLAY;StillPlaying;46980.0
421527;409;1;PLAY;Writing;46980.0
421929;410;0;PLAY;StillPlaying;46980.0
422113;410;1;PLAY;Writing;46980.0
422704;410;2;PLAY;Writing;46980.0
422929;411;1;PLAY;StillPlaying;46980.0
423315;411;2;PLAY;Writing;46980.0
423929;412;2;PLAY;Writing;46980.0
423929;412;2;PLAY;StillPlaying;46980.0
424528;412;3;PLAY;Writing;91917.0
424929;413;2;PLAY;StillPlaying;46980.0
425061;413;3;PLAY;Writing;46980.0
425652;413;4;PLAY;Writing;91917.0
425929;414;3;PLAY;StillPlaying;46980.0
426232;414;4;PLAY;Writing;135410.0
426772;414;5;PLAY;Writing;91917.0
426929;415;4;PLAY;StillPlaying;91917.0
427333;415;5;PLAY;Writing;135410.0
427882;415;6;PLAY;Writing;182366.0
427930;416;5;PLAY;StillPlaying;46980.0
428464;416;6;PLAY;Writing;226106.0
428929;417;5;PLAY;StillPlaying;91917.0
429078;417;6;PLAY;Writing;270316.0
429671;417;7;PLAY;Writing;352546.0
429929;418;6;PLAY;StillPlaying;135410.0
430276;418;7;PLAY;Writing;424520.0
430929;419;7;PLAY;Writing;537825.0
430929;419;7;PLAY;StillPlaying;91917.0
431518;419;8;PLAY;Writing;620705.0
431929;420;7;PLAY;StillPlaying;135410.0
432100;420;8;PLAY;Writing;808057.0
432692;420;9;PLAY;Writing;1071529.0
432929;421;8;PLAY;StillPlaying;182366.0
433748;421;9;PLAY;Writing;1312787.0
433929;422;8;PLAY;StillPlaying;226106.0
434792;422;9;PLAY;Writing;1071529.0
434929;423;8;PLAY;StillPlaying;270316.0
435894;423;9;PLAY;Writing;1312787.0
435929;424;8;PLAY;StillPlaying;352546.0
436929;425;7;PLAY;StillPlaying;424520.0
436988;425;8;PLAY;Writing;1071529.0
437929;426;7;PLAY;StillPlaying;537825.0
438133;426;8;PLAY;Writing;1312787.0
438929;427;7;PLAY;StillPlaying;620705.0
439276;427;8;PLAY;Writing;1071529.0
439929;428;7;PLAY;StillPlaying;808057.0
440372;428;8;PLAY;Writing;808057.0
440929;429;7;PLAY;StillPlaying;1071529.0
441524;429;8;PLAY;Writing;1071529.0
441929;430;7;PLAY;StillPlaying;1312787.0
442167;430;8;PLAY;Writing;808057.0
442929;431;7;PLAY;StillPlaying;1071529.0
443307;431;8;PLAY;Writing;1071529.0
443930;432;7;PLAY;StillPlaying;1312787.0
443940;432;8;PLAY;Writing;620705.0
444586;432;9;PLAY;Writing;808057.0
444929;433;8;PLAY;StillPlaying;1071529.0
445714;433;9;PLAY;Writing;1071529.0
445929;434;8;PLAY;StillPlaying;1312787.0
446808;434;9;PLAY;Writing;808057.0
446929;435;8;PLAY;StillPlaying;1071529.0
447397;435;9;PLAY;Writing;1071529.0
447929;436;8;PLAY;StillPlaying;808057.0
448018;436;9;PLAY;Writing;808057.0
448929;437;8;PLAY;StillPlaying;1071529.0
449083;437;9;PLAY;Writing;1071529.0
449692;437;10;PLAY;Writing;808057.0
449929;438;9;PLAY;StillPlaying;808057.0
450783;438;10;PLAY;Writing;1071529.0
450929;439;9;PLAY;StillPlaying;1071529.0
451396;439;10;PLAY;Writing;808057.0
451929;440;9;PLAY;StillPlaying;620705.0
452505;440;10;PLAY;Writing;1071529.0
452929;441;9;PLAY;StillPlaying;808057.0
453635;441;10;PLAY;Writing;808057.0
453929;442;9;PLAY;StillPlaying;1071529.0
454929;443;8;PLAY;StillPlaying;808057.0
455298;443;9;PLAY;Writing;1071529.0
455929;444;8;PLAY;StillPlaying;1071529.0
456412;444;9;PLAY;Writing;620705.0
456929;445;8;PLAY;StillPlaying;808057.0
457540;445;9;PLAY;Writing;808057.0
457929;446;8;PLAY;StillPlaying;1071529.0
458648;446;9;PLAY;Writing;620705.0
458929;447;8;PLAY;StillPlaying;808057.0
459801;447;9;PLAY;Writing;537825.0
459929;448;8;PLAY;StillPlaying;1071529.0
460426;448;9;PLAY;Writing;424520.0
460929;449;8;PLAY;StillPlaying;808057.0
461027;449;9;PLAY;Writing;537825.0
461608;449;10;PLAY;Writing;620705.0
461929;450;9;PLAY;StillPlaying;1071529.0
462696;450;10;PLAY;Writing;537825.0
462929;451;9;PLAY;StillPlaying;808057.0
463309;451;10;PLAY;Writing;620705.0
463915;451;11;PLAY;Writing;808057.0
463930;452;10;PLAY;StillPlaying;1071529.0
464468;452;11;PLAY;Writing;620705.0
464929;453;10;PLAY;StillPlaying;620705.0
465929;454;9;PLAY;StillPlaying;808057.0
466024;454;10;PLAY;Writing;808057.0
466628;454;11;PLAY;Writing;620705.0
466929;455;10;PLAY;StillPlaying;620705.0
467929;456;9;PLAY;StillPlaying;537825.0
468201;456;10;PLAY;Writing;808057.0
468929;457;9;PLAY;StillPlaying;424520.0
469255;457;10;PLAY;Writing;1071529.0
469929;458;9;PLAY;StillPlaying;537825.0
470360;458;10;PLAY;Writing;1312787.0
470930;459;9;PLAY;StillPlaying;620705.0
471929;460;8;PLAY;StillPlaying;537825.0
471960;460;9;PLAY;Writing;1071529.0
472564;460;10;PLAY;Writing;808057.0
472929;461;9;PLAY;StillPlaying;620705.0
473662;461;10;PLAY;Writing;1071529.0
473929;462;9;PLAY;StillPlaying;808057.0
474244;462;10;PLAY;Writing;808057.0
474929;463;9;PLAY;StillPlaying;620705.0
475327;463;10;PLAY;Writing;1071529.0
475930;464;10;PLAY;Writing;808057.0
475930;464;9;PLAY;StillPlaying;808057.0
476528;464;11;PLAY;Writing;1071529.0
476929;465;10;PLAY;StillPlaying;620705.0
477929;466;9;PLAY;StillPlaying;808057.0
478167;466;10;PLAY;Writing;808057.0
478764;466;11;PLAY;Writing;1071529.0
478929;467;10;PLAY;StillPlaying;1071529.0
479929;468;9;PLAY;StillPlaying;1312787.0
480867;468;10;PLAY;Writing;1312787.0
480929;469;9;PLAY;StillPlaying;1071529.0
481929;470;8;PLAY;StillPlaying;808057.0
481968;470;9;PLAY;Writing;1071529.0
482929;471;8;PLAY;StillPlaying;1071529.0
483130;471;9;PLAY;Writing;1312787.0
483929;472;8;PLAY;StillPlaying;808057.0
484234;472;9;PLAY;Writing;1071529.0
484835;472;10;PLAY;Writing;808057.0
484929;473;9;PLAY;StillPlaying;1071529.0
485466;473;10;PLAY;Writing;1071529.0
485929;474;9;PLAY;StillPlaying;808057.0
486129;474;10;PLAY;Writing;808057.0
486929;475;9;PLAY;StillPlaying;1071529.0
487244;475;10;PLAY;Writing;1071529.0
487929;476;9;PLAY;StillPlaying;808057.0
488367;476;10;PLAY;Writing;808057.0
488929;477;9;PLAY;StillPlaying;1071529.0
489572;477;10;PLAY;Writing;1071529.0
489929;478;9;PLAY;StillPlaying;1312787.0
490189;478;10;PLAY;Writing;620705.0
490929;479;9;PLAY;StillPlaying;1071529.0
491316;479;10;PLAY;Writing;808057.0
491898;479;11;PLAY;Writing;620705.0
491929;480;10;PLAY;StillPlaying;1312787.0
492929;481;9;PLAY;StillPlaying;1071529.0
493467;481;10;PLAY;Writing;808057.0
493929;482;9;PLAY;StillPlaying;808057.0
494072;482;10;PLAY;Writing;1071529.0
494672;482;11;PLAY;Writing;808057.0
494929;483;10;PLAY;StillPlaying;1071529.0
495929;484;9;PLAY;StillPlaying;808057.0
496276;484;10;PLAY;Writing;1071529.0
496875;484;11;PLAY;Writing;1312787.0
496930;485;10;PLAY;StillPlaying;1071529.0
497929;486;9;PLAY;StillPlaying;808057.0
498000;486;10;PLAY;Writing;1662809.0
498929;487;9;PLAY;StillPlaying;1071529.0
499157;487;10;PLAY;Writing;1312787.0
499929;488;9;PLAY;StillPlaying;620705.0
500331;488;10;PLAY;Writing;1071529.0
500929;489;9;PLAY;StillPlaying;808057.0
501929;490;8;PLAY;StillPlaying;620705.0
502057;490;9;PLAY;Writing;1312787.0
502703;490;10;PLAY;Writing;808057.0
502929;491;9;PLAY;StillPlaying;808057.0
503888;491;10;PLAY;Writing;1071529.0
503929;492;9;PLAY;StillPlaying;1071529.0
504492;492;10;PLAY;Writing;808057.0
504929;493;9;PLAY;StillPlaying;808057.0
505616;493;10;PLAY;Writing;1071529.0
505929;494;9;PLAY;StillPlaying;1071529.0
506203;494;10;PLAY;Writing;808057.0
506929;495;9;PLAY;StillPlaying;1312787.0
507361;495;10;PLAY;Writing;1071529.0
507929;496;9;PLAY;StillPlaying;1662809.0
508000;496;10;PLAY;Writing;808057.0
508929;497;9;PLAY;StillPlaying;1312787.0
509144;497;10;PLAY;Writing;1071529.0
509929;498;9;PLAY;StillPlaying;1071529.0
510252;498;10;PLAY;Writing;808057.0
510916;498;11;PLAY;Writing;1071529.0
510929;499;10;PLAY;StillPlaying;1312787.0
511929;500;9;PLAY;StillPlaying;808057.0
512034;500;10;PLAY;Writing;808057.0
512929;501;9;PLAY;StillPlaying;1071529.0
513228;501;10;PLAY;Writing;1071529.0
513929;502;9;PLAY;StillPlaying;808057.0
514404;502;10;PLAY;Writing;808057.0
514929;503;9;PLAY;StillPlaying;1071529.0
515533;503;10;PLAY;Writing;1071529.0
515929;504;9;PLAY;StillPlaying;808057.0
516697;504;10;PLAY;Writing;808057.0
516930;505;9;PLAY;StillPlaying;1071529.0
517856;505;10;PLAY;Writing;620705.0
517929;506;9;PLAY;StillPlaying;808057.0
518929;507;8;PLAY;StillPlaying;1071529.0
518964;507;9;PLAY;Writing;808057.0
519621;507;10;PLAY;Writing;620705.0
519929;508;9;PLAY;StillPlaying;808057.0
520792;508;10;PLAY;Writing;808057.0
520929;509;9;PLAY;StillPlaying;1071529.0
521929;510;8;PLAY;StillPlaying;808057.0
521967;510;9;PLAY;Writing;620705.0
522582;510;10;PLAY;Writing;808057.0
522929;511;9;PLAY;StillPlaying;1071529.0
523166;511;10;PLAY;Writing;620705.0
523831;511;11;PLAY;Writing;808057.0
523929;512;10;PLAY;StillPlaying;808057.0
524929;513;9;PLAY;StillPlaying;1071529.0
525929;514;8;PLAY;StillPlaying;808057.0
525964;514;9;PLAY;Writing;1071529.0
526563;514;10;PLAY;Writing;808057.0
526929;515;9;PLAY;StillPlaying;620705.0
527706;515;10;PLAY;Writing;1071529.0
527929;516;9;PLAY;StillPlaying;808057.0
528852;516;10;PLAY;Writing;808057.0
528930;517;9;PLAY;StillPlaying;620705.0
529513;517;10;PLAY;Writing;1071529.0
529929;518;9;PLAY;StillPlaying;808057.0
530621;518;10;PLAY;Writing;808057.0
530929;519;9;PLAY;StillPlaying;620705.0
531711;519;10;PLAY;Writing;1071529.0
531929;520;9;PLAY;StillPlaying;808057.0
532815;520;10;PLAY;Writing;808057.0
532929;521;9;PLAY;StillPlaying;620705.0
533929;522;8;PLAY;StillPlaying;808057.0
534487;522;9;PLAY;Writing;1071529.0
534929;523;8;PLAY;StillPlaying;1071529.0
535720;523;9;PLAY;Writing;808057.0
535929;524;8;PLAY;StillPlaying;808057.0
536895;524;9;PLAY;Writing;620705.0
536929;525;8;PLAY;StillPlaying;1071529.0
537929;526;7;PLAY;StillPlaying;808057.0
538031;526;8;PLAY;Writing;808057.0
538929;527;7;PLAY;StillPlaying;1071529.0
539175;527;8;PLAY;Writing;620705.0
539929;528;7;PLAY;StillPlaying;808057.0
540338;528;8;PLAY;Writing;537825.0
540929;529;7;PLAY;StillPlaying;1071529.0
540933;529;8;PLAY;Writing;620705.0
541929;530;7;PLAY;StillPlaying;808057.0
542052;530;8;PLAY;Writing;537825.0
542664;530;9;PLAY;Writing;620705.0
542929;531;8;PLAY;StillPlaying;1071529.0
543296;531;9;PLAY;Writing;537825.0
543895;531;10;PLAY;Writing;620705.0
543929;532;9;PLAY;StillPlaying;808057.0
544929;533;8;PLAY;StillPlaying;620705.0
545036;533;9;PLAY;Writing;808057.0
545628;533;10;PLAY;Writing;620705.0
545929;534;9;PLAY;StillPlaying;808057.0
546763;534;10;PLAY;Writing;808057.0
546929;535;9;PLAY;StillPlaying;620705.0
547366;535;10;PLAY;Writing;620705.0
547929;536;9;PLAY;StillPlaying;537825.0
548470;536;10;PLAY;Writing;808057.0
548929;537;9;PLAY;StillPlaying;620705.0
549929;538;8;PLAY;StillPlaying;537825.0
550071;538;9;PLAY;Writing;620705.0
550929;539;8;PLAY;StillPlaying;620705.0
551164;539;9;PLAY;Writing;808057.0
551771;539;10;PLAY;Writing;537825.0
551929;540;9;PLAY;StillPlaying;537825.0
552879;540;10;PLAY;Writing;620705.0
552930;541;9;PLAY;StillPlaying;620705.0
553460;541;10;PLAY;Writing;537825.0
553929;542;9;PLAY;StillPlaying;808057.0
554567;542;10;PLAY;Writing;620705.0
554929;543;9;PLAY;StillPlaying;620705.0
555929;544;8;PLAY;StillPlaying;808057.0
556203;544;9;PLAY;Writing;808057.0
556929;545;8;PLAY;StillPlaying;620705.0
557307;545;9;PLAY;Writing;537825.0
557870;545;10;PLAY;Writing;424520.0
557930;546;9;PLAY;StillPlaying;808057.0
558442;546;10;PLAY;Writing;537825.0
558929;547;9;PLAY;StillPlaying;620705.0
559554;547;10;PLAY;Writing;620705.0
559929;548;9;PLAY;StillPlaying;808057.0
560125;548;10;PLAY;Writing;537825.0
560707;548;11;PLAY;Writing;620705.0
560929;549;10;PLAY;StillPlaying;537825.0
561929;550;9;PLAY;StillPlaying;620705.0
562879;550;10;PLAY;Writing;808057.0
562930;551;9;PLAY;StillPlaying;537825.0
563467;551;10;PLAY;Writing;620705.0
563929;552;9;PLAY;StillPlaying;620705.0
564658;552;10;PLAY;Writing;808057.0
564929;553;9;PLAY;StillPlaying;808057.0
565296;553;10;PLAY;Writing;620705.0
565929;554;9;PLAY;StillPlaying;537825.0
566367;554;10;PLAY;Writing;808057.0
566929;555;9;PLAY;StillPlaying;424520.0
567475;555;10;PLAY;Writing;620705.0
567929;556;9;PLAY;StillPlaying;537825.0
568567;556;10;PLAY;Writing;808057.0
568929;557;9;PLAY;StillPlaying;620705.0
569669;557;10;PLAY;Writing;620705.0
569929;558;9;PLAY;StillPlaying;537825.0
570774;558;10;PLAY;Writing;808057.0
570929;559;9;PLAY;StillPlaying;620705.0
571929;560;8;PLAY;StillPlaying;808057.0
572396;560;9;PLAY;Writing;620705.0
572929;561;8;PLAY;StillPlaying;620705.0
573929;562;7;PLAY;StillPlaying;808057.0
574494;562;8;PLAY;Writing;537825.0
574929;563;7;PLAY;StillPlaying;620705.0
575929;564;6;PLAY;StillPlaying;808057.0
576036;564;7;PLAY;Writing;424520.0
576929;565;6;PLAY;StillPlaying;620705.0
577929;566;5;PLAY;StillPlaying;808057.0
578117;566;6;PLAY;Writing;352546.0
578929;567;5;PLAY;StillPlaying;620705.0
579203;567;6;PLAY;Writing;270316.0
579791;567;7;PLAY;Writing;182366.0
579929;568;6;PLAY;StillPlaying;808057.0
580860;568;7;PLAY;Writing;226106.0
580929;569;6;PLAY;StillPlaying;620705.0
581929;570;5;PLAY;StillPlaying;537825.0
581955;570;6;PLAY;Writing;182366.0
582929;571;5;PLAY;StillPlaying;424520.0
583095;571;6;PLAY;Writing;226106.0
583930;572;5;PLAY;StillPlaying;352546.0
584713;572;6;PLAY;Writing;182366.0
584929;573;5;PLAY;StillPlaying;270316.0
585301;573;6;PLAY;Writing;135410.0
585916;573;7;PLAY;Writing;182366.0
585929;574;6;PLAY;StillPlaying;182366.0
586526;574;7;PLAY;Writing;91917.0
586929;575;6;PLAY;StillPlaying;226106.0
587096;575;7;PLAY;Writing;135410.0
587710;575;8;PLAY;Writing;91917.0
587929;576;7;PLAY;StillPlaying;182366.0
588326;576;8;PLAY;Writing;135410.0
588929;577;7;PLAY;StillPlaying;226106.0
589430;577;8;PLAY;Writing;182366.0
589929;578;7;PLAY;StillPlaying;182366.0
590026;578;8;PLAY;Writing;135410.0
590929;579;7;PLAY;StillPlaying;135410.0
591148;579;8;PLAY;Writing;182366.0
591791;579;9;PLAY;Writing;135410.0
591929;580;8;PLAY;StillPlaying;182366.0
592917;580;9;PLAY;Writing;182366.0
592930;581;8;PLAY;StillPlaying;91917.0
593929;582;7;PLAY;StillPlaying;135410.0
594008;582;8;PLAY;Writing;135410.0
594625;582;9;PLAY;Writing;182366.0
594929;583;8;PLAY;StillPlaying;91917.0
595194;583;9;PLAY;Writing;135410.0
595720;583;10;PLAY;Writing;182366.0
595929;584;9;PLAY;StillPlaying;135410.0
596336;584;10;PLAY;Writing;226106.0
596929;585;9;PLAY;StillPlaying;182366.0
596930;585;10;PLAY;Writing;270316.0
597523;585;11;PLAY;Writing;352546.0
597929;586;10;PLAY;StillPlaying;135410.0
598929;587;9;PLAY;StillPlaying;182366.0
599929;588;8;PLAY;StillPlaying;135410.0
600929;589;7;PLAY;StillPlaying;182366.0
601929;590;6;PLAY;StillPlaying;135410.0
602929;591;5;PLAY;StillPlaying;182366.0
603929;592;4;PLAY;StillPlaying;135410.0
604929;593;3;PLAY;StillPlaying;182366.0
605929;594;2;PLAY;StillPlaying;226106.0
606929;595;1;PLAY;StillPlaying;270316.0
607929;596;0;PLAY;StillPlaying;352546.0
607930;596;0;END;TheEnd;0
